﻿code,valeur,volume,materiau,cttype
0,Non renseigné,,,00
2,COLLECTAL-VILLIGERS City Line 4m3,4,Acier,10
3,TEMACO - PO MULTIPACK C600 4m3,4,Acier,10
4,SULO-CITY BULLE 4m3,4,Plastique,10
5,UTPM 3m3,3,Plastique,10
6,MULTIPACK ENTERRE PO - 4m3,4,Acier,10
7,EcoNox Classique (rouleau simple),3,Acier,20
8,EcoNox Classique (rouleau double),6,Acier,20
9,EcoNox Bunker (mini),2,Acier,20
10,EcoNox Bunker (Demi),4,Acier,20
11,EcoNox Bunker (Bunker),6,Acier,20
12,EcoNox Eco ZR,2,Acier,20
99,Autre,,,00
1,TEMACO - MULTIPACK C600 4m3,4,Acier,10
