﻿code,valeur
10,Cadastre
11,PCI vecteur
12,BD Parcellaire
13,RPCU
20,Ortho-images
21,Orthophotoplan IGN
22,Orthophotoplan partenaire
23,Orthophotoplan local
30,Filaire voirie
31,Route BDTopo
32,Route OSM
40,Cartes
41,Scan25
50,Lever
51,Plan topographique
52,PCRS
53,Trace GPS
60,Geocodage
71,Plan masse vectoriel
72,Plan masse redessiné
80,Thématique
81,Document d'urbanisme
82,Occupation du Sol
83,Thèmes BDTopo
99,Autre
00,Non renseigné
70,Plan masse
61,Base Adresse Locale
54,"Coordonnées X,Y"
33,Base Voie Locale
84,RPG
